decile,n,mean,sd,t,p
1,757,.4393659210720812,6.5959368,1.8327273,.067236274
2,757,.5142404215762212,5.3723011,2.6336241,.0086205825
3,757,.4696036923868653,4.9262767,2.6227727,.0088974098
4,757,.5619154642883546,4.6364584,3.3345141,.00089614227
5,757,.6658520525692909,4.6271081,3.9592783,.000082272723
6,757,.5923513879598447,4.5477519,3.5836914,.00036049716
7,757,.5573183704521926,4.5698719,3.355423,.00083199242
8,757,.72723910660339,4.6129923,4.3375297,.000016364002
9,757,.7088639400653354,4.5305781,4.304842,.000018909412
10,757,.6910171767615539,4.6210327,4.1143169,.000043098149
