model,term,coefficient,se,t,p
linear,debt_capital,.0263628971349729,.0082736984,3.1863499,.0019876158
linear,_cons,.9185964740357921,.248713,3.6933994,.00038135215
quadratic,debt_capital,.1172832956695051,.02522292,4.6498699,.000011614435
quadratic,debt_sq,-.0013589787128977,.00035893178,-3.7861755,.00027900553
quadratic,_cons,-.1762077126342942,.37068862,-.47535235,.63571364
cubic,debt_capital,.0422325381115944,.061768074,.68372762,.49596423
cubic,debt_sq,.0011534230731495,.0019226366,.59991735,.55012071
cubic,debt_cube,-.000022513255676,.000016928218,-1.3299247,.18701924
cubic,_cons,.3685956054602617,.5513919,.66848207,.50559574
multiple,debt_capital,.0161983131909656,.0083819153,1.9325314,.056547426
multiple,market_beta,-1.752755739088259,.49453419,-3.544256,.00063611602
multiple,eps_growth,.0060387007884484,.0087005692,.69405812,.48949492
multiple,_cons,2.706858078491054,.57729185,4.6888905,.000010104179
