industry,eps_growth,dividend_yield,debt_capital,market_beta
Advertising,2.285,.9425953335077577,28.67335758206064,1.210506967409714
Aerospace/Defense,25.03533333333333,.7886487981001626,13.4668119667556,.945491480030761
Air Transport,30.21,.5734179969469869,47.69069257453501,1.185465100406711
Apparel,13.62555555555555,1.514229899120593,23.83405613748074,.9358744642979875
Auto & Truck,10.216,.2251681126110437,16.45493552310309,1.456493304834781
Auto Parts,15.97454545454546,1.228260407632076,29.3106392650663,1.339446365194841
Bank (Money Center),13.73777777777778,1.983757911666266,62.14840556353255,.7610461819725333
Banks (Regional),13.95806451612903,2.700596540685982,34.25477144640124,.3984765556409175
Beverage (Alcoholic),3.894,3.200366431552101,30.23502785795125,.8124756277132766
Beverage (Soft),15.43571428571429,2.727661710389369,17.07240273857684,.6414687070147179
Broadcasting,.8677499999999999,1.515755355117237,46.19440863788541,.4707520484863454
Brokerage & Investment Banking,20.3,1.389663692073849,57.55042617612304,1.171457071047836
Building Materials,10.1852,1.131059397540138,20.63385229383632,1.111532173344242
Business & Consumer Services,12.79973684210526,1.360908530181792,16.46904647110766,.8879785335242745
Cable TV,5.43333333333333,2.765552194623049,59.5042430850748,.7407444081777597
Chemical (Basic),19.80857142857143,7.624047261901756,49.83797053780761,1.01224715009899
Chemical (Specialty),8.4575,1.782087990327044,23.00760763965986,.9697828817775749
Coal & Related Energy,22.54,.3030944978631648,6.666777815396692,1.070993191489764
Computer Services,12.33315789473685,1.830542265113947,20.06402717696322,1.087855903473369
Computers/Peripherals,25.41909090909091,.4430912045651372,4.420310378049363,1.350329208585168
Construction Supplies,7.60835,1.275798674155151,14.98185452487142,1.150356056851164
Diversified,7.565,.3785244374906181,13.45940155714698,.8809551761105191
Drugs (Biotechnology),38.08000000000001,1.299831834178349,11.53559369912528,1.135265032548857
Drugs (Pharmaceutical),17.805,1.932228759148724,12.69202637832653,.9828330980612211
Education,19.03076923076923,.6972700040095594,19.6003402054853,.7809055888612572
Electrical Equipment,18.862,.5282575455655535,10.71685968794686,1.251123854607469
Electronics (Consumer & Office),-56.8,0,5.485895274423451,.8659780184815811
Electronics (General),17.6915625,.4264323253065779,9.919458837333321,.9714771307987942
Engineering/Construction,21.03504166666667,.3131797603209758,12.28953077938518,1.209972261135115
Entertainment,5.75166666666667,.2618945146454094,13.72904099677242,.8251696372652437
Environmental & Waste Services,12.20111111111111,1.062637926571457,17.65987123152964,.9454812982377585
Farming/Agriculture,11.98571428571429,1.764266143111818,34.14488697161519,1.129173740945637
Financial Svcs. (Non-bank & Insurance),22.02303389830508,.7872369379960199,73.12766809789596,.9697132427444908
Food Processing,2.65758823529412,3.844482100522041,30.42697004104576,.6074530378003583
Food Wholesalers,36.93000000000001,1.419036714211505,31.95823246690734,.8666416386586649
Furn/Home Furnishings,12.281,1.219688064695537,29.74240911279325,.8231584740017082
Green & Renewable Energy,7.77,.1863015255905593,53.07578982023936,.8563295187054536
Healthcare Products,11.065025,.7845789461231221,11.33585179543921,.9085611350704943
Healthcare Support Services,12.56748484848485,1.692694128799238,26.15856411836159,.8719538873399333
Heathcare Information and Technology,11.16936,.266951976307732,13.60045003505987,1.108333899148144
Homebuilding,1.96666666666667,.8492412122311638,17.58976469523667,.9106178132748846
Hospitals/Healthcare Facilities,14.98,.5435808865290764,37.46888451798786,.7996783314027625
Hotel/Gaming,13.57335,.5824961824363006,28.44375319862503,1.080367568307419
Household Products,8.02482352941176,2.93747021668173,15.3601292087209,.8155158251324154
Information Services,10.11625,1.22751850610491,24.90792719816506,.9205673234850804
Insurance (General),24.57857142857143,1.283627789639763,20.39966600957666,.6719750422408106
Insurance (Life),-30.44571428571428,2.752252481131789,40.41940370182383,.6444930925180267
Insurance (Prop/Cas.),15.33285714285714,1.840538597748798,12.91420288994872,.4841100151289049
Investments & Asset Management,14.99809523809524,2.329877358470409,24.63533959386016,.6595817512663942
Machinery,13.546,1.149213141260395,12.8101898330155,.9636207903494385
Metals & Mining,34.41666666666666,1.434680432235083,9.897345283072131,1.043031476230846
Office Equipment & Services,14.4,2.450516848883573,32.47918436948866,1.334375038621748
Oil/Gas (Integrated),4.14,3.560298542507508,12.1612740694131,.2993819796439979
Oil/Gas (Production and Exploration),4.89620689655172,3.043654800029003,27.31904517372341,.72140595546977
Oil/Gas Distribution,12.685,3.331542936998487,36.91931753989284,.6692224517144899
Oilfield Svcs/Equip.,3.4652380952381,2.456604410414525,27.19893286046465,.9512418716285248
Packaging & Container,18.95545454545455,2.406285721156345,35.52945440978263,1.021929775043253
Paper/Forest Products,-9.295,.3522841533460657,30.40485120489803,.9579784309693652
Power,9.59594594594595,2.556389161770258,42.57779210749666,.4824326713170223
Precious Metals,71.76666666666667,1.230981127369946,6.786940112454904,.8365606512291942
Publishing & Newspapers,9.391666666666671,1.285533000239671,19.31571646372664,.563007176601541
R.E.I.T.,4.29354639175258,4.381245465652068,45.78858440045514,.6417984635762964
Real Estate (Development),-2.9,0,50.45319836293547,.8435660615974878
Real Estate (Operations & Services),33,.2608840075567912,19.77040296597951,.9654974066610451
Recreation,9.946000000000002,1.649932119663929,38.64674292017484,1.02347270022497
Restaurant/Dining,3.53012,1.809910805272104,21.39589276364729,.9240873147803257
Retail (Automotive),17.82,.255350503481942,31.2031037234781,.9360151956832995
Retail (Building Supply),16.98,2.293481835235633,18.88990658131124,1.535309434029173
Retail (Distributors),9.46842105263158,1.406311403885213,22.01900080484169,.9484338145727029
Retail (General),11.70769230769231,.3277231672936309,7.35910047808918,.8052405395912856
Retail (Grocery and Food),11.135,1.454061241864657,34.1889525326874,1.118303794493113
Retail (REITs),3.99333333333333,4.750538817468486,36.06948068513498,.620739021744814
Retail (Special Lines),8.080047619047621,1.08350152995432,16.5003484848689,1.089399680292466
Rubber& Tires,9.07,0,78.18843429629489,.5294301574135339
Semiconductor,22.87640000000001,.3227702817500922,2.525662180453638,1.518199402905489
Semiconductor Equip,18.74142857142857,.5509264721734191,4.635901910017966,1.397223424739433
Shipbuilding & Marine,16.4,.956462510358678,18.40078373164547,.7529325380371511
Shoe,7.303,2.084908631930385,10.67020183928412,1.017318327861263
Software (Entertainment),20.546,.2768026705547096,2.003643127727034,1.028311248084757
Software (Internet),20.899,.0448310559941139,10.95194173837779,1.68867611616606
Software (System & Application),22.76456962025316,.4860001664879622,5.282518875796975,1.276648178078175
Steel,16.04,1.265262409495166,19.03681360933958,1.062846247426205
Telecom (Wireless),15.1,2.539990930191864,34.18744765076534,.5381352736640138
Telecom. Equipment,40.27111111111111,1.087951564954029,8.44398133306591,.9232195753877382
Telecom. Services,59.42399999999999,4.861793270972969,48.99603993254088,.6287201518745624
Tobacco,6.113333333333331,4.407215123061477,18.67836255543748,.794314579701523
Transportation,15.79625,1.893763719722886,26.71284506038499,.8599219267913129
Transportation (Railroads),7.66333333333333,2.007116267425893,21.74757293484189,.9751457485154854
Trucking,20.11916666666667,.7564111757388785,20.14798077300748,1.011348928552129
Utility (General),6.909999999999999,3.193925168404995,44.89881182181434,.2394349278899265
Utility (Water),7.64714285714286,2.697169761930826,38.40826448037365,.4126827948416138
