decile,n,alpha,se_alpha,t_alpha,beta,se_beta,t_beta,r2,t_beta1,p_beta1,bp_chi2,bp_p,bg_chi2,bg_p,classification
1,757,-.341409281868664,.11439851,-2.9843857,1.3030133,.025432315,51.23455,.77662587,11.914498,4.1127726e-30,.049176805,.82450193,38.238907,.00014034155,Cyclical
2,757,-.1436816544259607,.080981664,-1.7742492,1.0979873,.018003305,60.988091,.83126783,5.4427361,7.0979176e-08,3.8860805,.048687924,33.420734,.00083191931,Cyclical
3,757,-.1474608260011033,.065272316,-2.2591634,1.0298012,.014510907,70.967392,.86963362,2.0537136,.040347334,.44440839,.50500238,13.444148,.33760098,Cyclical
4,757,-.0196471600542794,.06086427,-.32280284,.97055316,.01353094,71.728432,.87203324,-2.1762619,.029844988,4.0635791,.043817539,10.32613,.58737302,Defensive
5,757,.0903516102568421,.064119905,1.4091039,.96043611,.014254712,67.376755,.85740262,-2.7754939,.0056481576,2.4120405,.12040533,11.4735,.48883337,Defensive
6,757,.0174941358001571,.056445673,.30992872,.95936275,.012548626,76.451614,.88560343,-3.2383831,.0012546575,.96076316,.32699469,20.955973,.051028904,Defensive
7,757,-.0263563731079397,.051915754,-.50767583,.974078,.011541565,84.397392,.90416253,-2.2459705,.024994312,1.2558196,.26244387,30.181097,.0026223371,Defensive
8,757,.1401511783821421,.054131463,2.5890889,.97977418,.012034147,81.416168,.89774626,-1.6807042,.093233995,1.3164917,.25122264,22.778484,.029666495,Not distinguish.
9,757,.1319837303366084,.052936342,2.4932537,.96273881,.011768456,81.806725,.8986215,-3.1661935,.0016065509,.31250653,.57614613,21.764528,.040245205,Defensive
10,757,.1134252251860151,.062094238,1.8266627,.96392661,.013804378,69.827599,.86591828,-2.6131856,.0091488035,4.568058,.032573469,27.158945,.0073301001,Defensive
