decile,n,alpha,se_alpha,t_alpha,beta,se_beta,t_beta,r2,t_beta1,p_beta1,classification
1,757,-.341409281868664,.13573037,-2.5153491,1.3030133,.045236792,28.804279,.77662587,6.6983809,4.1180045e-11,Cyclical
2,757,-.1436816544259607,.080848828,-1.7771643,1.0979873,.030674463,35.79483,.83126783,3.1944239,.0014593099,Cyclical
3,757,-.1474608260011033,.058398221,-2.5250912,1.0298012,.023977235,42.949123,.86963362,1.2428975,.21429144,Not distinguish.
4,757,-.0196471600542794,.06653253,-.29530156,.97055316,.022697395,42.760551,.87203324,-1.2973678,.19490096,Not distinguish.
5,757,.0903516102568421,.06198426,1.4576541,.96043611,.022914154,41.914536,.85740262,-1.7266124,.084646337,Not distinguish.
6,757,.0174941358001571,.056871992,.30760548,.95936275,.017619582,54.448666,.88560343,-2.3063691,.021359982,Defensive
7,757,-.0263563731079397,.051010899,-.51668125,.974078,.015371369,63.369633,.90416253,-1.6863829,.092135198,Not distinguish.
8,757,.1401511783821421,.056837942,2.4658031,.97977418,.017799003,55.046577,.89774626,-1.1363469,.25617194,Not distinguish.
9,757,.1319837303366084,.05745656,2.2971046,.96273881,.016923912,56.886303,.8986215,-2.20169,.027988974,Defensive
10,757,.1134252251860151,.071081184,1.5957139,.96392661,.026615672,36.216503,.86591828,-1.3553444,.17571317,Not distinguish.
