A,B,C,D,E,F,G,H,I,J,K,L,M,N,O,P
Date updated:, 5-Jan-26,,,,,,YouTube Video explaining estimation choices and process.,Notes,,,,,,,
Created by:,"Aswath Damodaran, adamodar@stern.nyu.edu",,,,,,,"if you are looking for a pure-play beta, i.e., a beta for a  business, the unlevered beta corrected for cash is your best bet. Since even sector betas can move over time, I have also reported the average of the this sector beta across time in the last column. This number, for obvious reasons, is less likely to be volatile over time.",,,,,Marginal,,
What is this data?,"Beta, Unlevered beta and other risk measures",,,,US companies,,,,,,,,Effective,,
Home Page:,http://www.damodaran.com,,,,,,,,,,,,,,
Data website:,https://pages.stern.nyu.edu/~adamodar/New_Home_Page/data.html,,,,,,,,,,,,,,
Companies in each industry:,https://pages.stern.nyu.edu/~adamodar/pc/datasets/indname.xls,,,,,,,,,,,,,,
Variable definitions:,https://pages.stern.nyu.edu/~adamodar/New_Home_Page/datafile/variable.htm,,,,,,,,,,,,,,
Do you want to use marginal or effective tax rates in unlevering betas?,,,,,Marginal,,,,,,,,,,
"If marginal tax rate, enter the marginal tax rate to use",,,,,.25,,,,,,Unlevered beta corrected for cash - Over time,,,,
Industry Name,Number of firms,Beta ,D/E Ratio,Effective Tax rate,Unlevered beta,Cash/Firm value,Unlevered beta corrected for cash,HiLo Risk,Standard deviation of equity,Standard deviation in operating income (last 10 years),2022,2023,2024,2025,Average (2022-2026)
Advertising,52,1.210506967409714,.4020006635676013,.050166601892136,.930085673859911,.0773050118146824,1.008009890342126,.6233257531660213,.6291480405048702,.1516828260099504,1.101824689814294,1.34589266913012,1.18,1.2,1.167145449857308
Aerospace/Defense,79,.945491480030761,.1556259774178424,.1157525444051738,.846668742124111,.026120466599857,.8693772823914925,.5213050748745736,.4645229995086378,.2185873429048158,1.110412671804325,1.229296209092366,.93,.8,.9878172326576365
Air Transport,23,1.185465100406711,.91170567766528,.0829257860360182,.7040501862693873,.0710560236928952,.7579038179118688,.5151727607461237,.590043262853523,2.104293860769662,.914138227895993,.6939980034393283,.64,.76,.7532080098494381
Apparel,35,.9358744642979875,.3129227437987455,.0961250029737858,.7579820882045375,.0460396312637823,.794563498700363,.5786453528011011,.4626373673236945,.2680034800436061,1.098346042881063,1.016379742600896,.93,.83,.9338578568364644
Auto & Truck,33,1.456493304834781,.1969587985374462,.0373715099381295,1.269032907291343,.0299138816351515,1.30816520643589,.7242202227236834,.6183460542354303,.3888198679307462,1.02076580431927,1.22553183431714,1.3,1.43,1.25689256901446
Auto Parts,35,1.339446365194841,.4146400386187307,.1499969144901915,1.021713783278063,.0944703001086303,1.128305105178362,.5242640346289048,.4987204042985499,.2121922558161556,1.212594354633614,1.202436458457679,1.12,.99,1.130667183653931
Bank (Money Center),15,.7610461819725333,1.641896635763823,.1843478364577707,.3410587595479105,.2316616747591599,.4438913800649,.231024176727079,.2273871767054001,NA,1.032514745758363,.7393414305916117,.64,.53,.6771495112829748
Banks (Regional),568,.3984765556409175,.5210229274429405,.176097081511594,.2865156418030888,.2348140699863387,.3744392448485997,.1917165677227987,.2268255755296142,.553283335172488,.8412738920935885,.4129806383970706,.33,.48,.4877387550678519
Beverage (Alcoholic),14,.8124756277132766,.4333840741223201,.1234988038028687,.6131715419678557,.0236846992436403,.6280466376925842,.582970879014547,.5596193724547387,.1874498463983511,.7205248116424126,.8807822917633785,.97,.51,.7418707482196749
Beverage (Soft),27,.6414687070147179,.2058711852552215,.0684627965508008,.5556711918551647,.0343959179595753,.5754648330410659,.6187363130886608,.5788689759563741,.1865060696954417,1.115547333494206,1.2014134916712,.7,.51,.8204851316412943
Broadcasting,24,.4707520484863454,.8585429035988935,.0772885952872533,.2863616966167244,.0917588170070405,.315292569835984,.5720694045435653,.4662306993347863,.2467678832346278,.8112721237191215,.7021599591713337,.5,.48,.5617449305452878
Brokerage & Investment Banking,32,1.171457071047836,1.355736253440363,.1527317757818132,.5808487698048416,.1450601524756266,.6794030848916329,.4220673756516209,.366085597210624,NA,.6700703117819938,.6937505627531657,.55,.47,.6126447918853584
Building Materials,41,1.111532173344242,.2599830392452558,.1802113978781021,.9301623477287291,.031613057249448,.9605275604881124,.4098601091783102,.3528210091019042,.3806004788532296,1.087149922913837,1.098359260335082,1.21,1.23,1.117207348747406
Business & Consumer Services,155,.8879785335242745,.1971610017047299,.1038263021700247,.7735875598670026,.0402436331119822,.8060249314889546,.5301773694386264,.4110699163971621,.2710173322079462,.9861131480384713,1.01986877347307,.93,.92,.9324013706000993
Cable TV,9,.7407444081777597,1.469394514839746,.1064304290545761,.3523921209643926,.0288935070917527,.3628769074636262,.4440901519592926,.4404071378928042,.2688170387770877,.6641386109632104,.7059202442851957,.74,.5,.5945871525424065
Chemical (Basic),29,1.01224715009899,.9935397565078776,.0768385609315241,.5800328658623819,.0891201478055229,.6367830669050106,.535444966705913,.4580970692608343,.3928168586037433,.9371284252203465,.9589900308465779,.87,.86,.8525803045943871
Chemical (Diversified),4,.8507028562562596,1.761099887797016,0,.3665519317925415,.0974811270964304,.4061432317900194,.4230392601413184,.3903520023839609,.4563886737099081,1.207910112578338,1.090256565498817,.8100000000000001,.58,.8188619819734348
Chemical (Specialty),59,.9697828817775749,.2988296237371031,.1367515833444322,.7922271711710575,.0391081078466287,.8244706586041288,.4094843058839141,.4230516095475031,.2175805024604916,.997722954089115,1.115253050163096,.9399999999999999,.79,.9334893325712678
Coal & Related Energy,16,1.070993191489764,.0714298473721448,.03125,1.016534987249031,.1403060326491396,1.182438199934653,.6619189868384981,.6431490912216578,2.425030147556098,.8197108733273341,1.42891458809632,1.24,1.27,1.188212732271661
Computer Services,64,1.087855903473369,.2510012259609475,.1052699422657654,.9155102559970569,.0480302537281728,.9617009989891427,.5715390929381887,.5342530314325552,.1962764692547516,1.057621316802586,.9932217950326541,.86,1.09,.9925088221648766
Computers/Peripherals,36,1.350329208585168,.0462473815884228,.0591135307764216,1.305062418825083,.014740156945411,1.324587039677791,.5570782029943967,.5457679517178851,.3056919037558648,1.248770894417527,1.227042372213005,1.1,1.12,1.204080061261665
Construction Supplies,40,1.150356056851164,.176219493393375,.1603885238386096,1.016067837206756,.0293857350877365,1.046829697375817,.4302290616017562,.3551332113586579,.3859980324622642,.9796485993062782,1.076061053392274,.99,1.15,1.048507870014874
Diversified,20,.8809551761105191,.155527021991128,.0275604578800778,.7889302024061987,.0642465926277125,.8430962646682882,.5557774635262347,.2841172358254972,.6989946731901048,.7021414621539441,.9394964138236339,1.09,1.01,.9169468281291732
Drugs (Biotechnology),496,1.135265032548857,.1303981361711938,.0107951223860821,1.034128692045902,.0419889858983149,1.079453865168337,.6431233872977022,.7567979803880647,.4052140820189079,.9722328956942816,1.199448957908495,1.09,1.17,1.102227143754223
Drugs (Pharmaceutical),228,.9828330980612211,.1453707588418458,.0299387027704387,.8862112018778732,.0316070752782979,.915135973481584,.6840671510230288,.7664492440646036,.2676796079178559,1.009823573553889,1.180806094628253,.9399999999999999,.98,1.005153128332745
Education,32,.7809055888612572,.2437863574992706,.1554036712132029,.6601955817730791,.0825517810533302,.719599829329938,.5006386723025373,.4723775113573218,.3779046169586407,1.103316907861229,.9937160802737702,1.15,.92,.9773265634929876
Electrical Equipment,112,1.251123854607469,.1200322888564449,.0481609387240988,1.147794549428801,.0353103328985835,1.189807031806981,.6770752062132696,.7271388016174681,.197906720097647,1.194327330306878,1.432654879832387,1.15,1.2,1.233357848389249
Electronics (Consumer & Office),8,.8659780184815811,.058043138538442,0,.8298525821858579,.1051611921615294,.9273766123201671,.6313586941286815,.7018361349746528,NA,1.057159679864443,1.613059699017814,1.3,.95,1.169519198240485
Electronics (General),114,.9714771307987942,.1101176648064408,.0803635672985678,.8973653021365886,.0427639473710529,.9374545595854545,.533205169727335,.5183878524748988,.2555018743270427,1.051017267647953,1.116163260624084,.88,1.01,.9989270175714984
Engineering/Construction,48,1.209972261135115,.1401147535589371,.1363531807406391,1.094912241925567,.0373862902781192,1.137436783693752,.4819103550311563,.4592364631713382,.406568765232983,.9739625248634707,1.017624671846802,.84,.92,.9778047960808049
Entertainment,92,.8251696372652437,.1591386157682423,.033043556811928,.7371838269272858,.0336410965088036,.7628468307830948,.6108354156893298,.4870659020881054,.3372252098881237,.9642484762875171,1.246222408009275,.87,.9399999999999999,.9566635430159774
Environmental & Waste Services,53,.9454812982377585,.2144746613305266,.042678317016085,.814469065497658,.0124883803131776,.8247690956344971,.6039647123055116,.5491271709973529,.3304771871849812,1.086182979964372,.8591109527629267,.79,.82,.8760126056723593
Farming/Agriculture,35,1.129173740945637,.5184849801548149,.0629439925787718,.8130198178522071,.0387378684808631,.8457836746022086,.5709210427107252,.507938158066483,.4970199746530998,.8478652069247063,.9310497068082925,.77,.73,.8249397176670415
Financial Svcs. (Non-bank & Insurance),176,.9697132427444908,2.721299675975284,.1205656770054263,.3188823716863237,.0269325275626069,.327708386847594,.4483550193131286,.4246919214774036,.3372154738192344,.1517587471560206,.1061747451019205,.32,.35,.251128375821107
Food Processing,78,.6074530378003583,.4373385787423181,.1037259327849308,.4574181011231891,.0255753462897823,.4694237767707587,.4858963879248173,.4346763943257051,.0937865666673724,.632413845750539,.7686726756486479,.5,.38,.5501020596339892
Food Wholesalers,13,.8666416386586649,.4696855126722596,.0915284066800662,.6408819228030607,.010617965508754,.6477598141678518,.5105259187106911,.3397822415435992,.3561639995586555,1.083475210571128,.8457047174503761,.74,.55,.7733879484378712
Furn/Home Furnishings,27,.8231584740017082,.4233337456808395,.1138252554255551,.6247880689027374,.0419276616712448,.6521303704400933,.4718999471690875,.5150986273981181,.2043428611763806,.9930686395536672,.9519122322245162,.86,.6899999999999999,.8294222484436553
Green & Renewable Energy,15,.8563295187054536,1.131096072089713,0,.4633010339410691,.0190206115889436,.4722841676536161,.730979638575004,.6514340075377375,.2878199981344368,1.095256776416907,.8771923185242169,.5600000000000001,.5,.7009466525189479
Healthcare Products,204,.9085611350704943,.1278515840391968,.0484533728277706,.829063339182968,.0325392711407818,.8569477958661521,.5589658747106533,.6179058995412937,.3090184310145163,.9123800188457021,1.09710297198821,1.01,.96,.9672861573400127
Healthcare Support Services,104,.8719538873399333,.354253188687874,.0979964616850674,.6889158973179456,.0751255658174307,.7448750574739688,.5230194559374083,.4724003230719404,.2413459114000651,.9498469507729029,1.072547187999855,.9399999999999999,.82,.9054538392493454
Heathcare Information and Technology,115,1.108333899148144,.1574134360720486,.0638188131711016,.9913008450033202,.0246222289342804,1.016325032628335,.5788051740319831,.6378002122444473,.3552775683773647,.9088883028884132,1.370736187816319,1.19,1.12,1.121189904666613
Homebuilding,30,.9106178132748846,.213441505538572,.1698920334478098,.7849604569802948,.0800055981891012,.8532230798743929,.3681506019467752,.327940466753169,.5958507873821614,1.585557318259645,1.333155830825784,1.35,1.38,1.300387245791964
Hospitals/Healthcare Facilities,31,.7996783314027625,.5992038400269105,.1134779625873316,.5517295035260499,.0232436258993868,.5648588718287879,.5197979912329719,.5645694737555678,.2029328861952047,.9635819983948228,.7230794758104835,.5600000000000001,.57,.6763040692068187
Hotel/Gaming,63,1.080367568307419,.3975020277066638,.0830817829962393,.8322513645728964,.0496033475889826,.8756884427797555,.4804349731732187,.3965335196981276,.9904715001091706,1.437433727843527,1.060964927763275,1.05,.95,1.074817419677311
Household Products,110,.8155158251324154,.1814762837551913,.0650043660816061,.7178159032286779,.0313881387747019,.7410769287097494,.6273286444390683,.5546378639806525,.1218643206903233,.9200717469168898,1.057879846878336,.77,.83,.8638057045009949
Information Services,15,.9205673234850804,.3316984905170498,.1816284292612373,.7371769598623608,.0253576208385869,.7563563575971642,.4394703659399052,.3237524454802279,.4082152605282324,1.203866785112635,1.333443618293344,.77,.8,.9727333522006288
Insurance (General),21,.6719750422408106,.2562761358769038,.1276880158923457,.5636395230036526,.0249672922400621,.5780724262046252,.4200868926838418,.46070163153831,.4209738598589533,.8109091333395879,1.026938593627573,.89,.6899999999999999,.7991840306343573
Insurance (Life),20,.6444930925180267,.6783987776748907,.1518601764776366,.4271563388858468,.1966940474769901,.5317480065275768,.2317620286566019,.3515193422631459,.2826197882400568,.8829882032543376,.6674646710271233,.54,.62,.6484401761618075
Insurance (Prop/Cas.),57,.4841100151289049,.1482928711512957,.1836669176395358,.4356564551964022,.0467526067348826,.4570234949231456,.2677137310292105,.2869687952853511,.3789749160134794,.7847772659651794,.7295385474975669,.68,.57,.6442678616771784
Investments & Asset Management,283,.6595817512663942,.3268818496772947,.0353492361983376,.5297158729912839,.0992207600520097,.588064033338367,.249791767611155,.3004225728309703,.2300500699814627,.9651176049094974,.5377530864305458,.39,.5,.596186944935682
Machinery,105,.9636207903494385,.146923015527636,.1337344273240044,.8679764970807725,.0291419153865612,.8940302510086939,.4386607167294511,.4503411666073636,.2340381783370222,1.178264296769354,1.093825080314992,.9399999999999999,.98,1.017223925618608
Metals & Mining,73,1.043031476230846,.1098452128204907,.0251641429519387,.963642813760502,.0463224453484909,1.010449296054403,.7046547159245414,.7756025957468325,.5366805984370316,1.127997213777612,1.219190696616701,.91,.96,1.045527441289743
Office Equipment & Services,14,1.334375038621748,.4810247634925184,.1229738335166475,.980603950937201,.0554679088817324,1.038190189786169,.4264799643054135,.3960756696465002,.1421990112902609,1.111467824035779,.8448370751926576,.88,.96,.966899017802921
Oil/Gas (Integrated),4,.2993819796439979,.1384500280550897,.2824095529705382,.2712192455295165,.024405283836666,.2780040123588666,.1572164931941156,.2026827904588578,1.065566468197696,1.250926196365303,.9462683699068331,.64,.46,.7150397157262005
Oil/Gas (Production and Exploration),142,.72140595546977,.3758762558777869,.0666447899617079,.562759894026207,.0272766960521573,.5785405692885324,.5045189633960516,.4221920097460941,1.854877982726361,1.127988922131398,1.136128084213078,.82,.75,.8825315151266014
Oil/Gas Distribution,23,.6692224517144899,.5852713715207659,.0916618588083211,.4650757918129057,.0089087895447582,.4692562974090757,.4564611173153585,.4224037245326557,.5691583913604785,.8645108713214169,.656489918658282,.53,.55,.6140514174777548
Oilfield Svcs/Equip.,97,.9512418716285248,.3736062386054503,.0874636718604794,.7430388962534321,.0559281428628705,.7870575641420728,.4765813226700708,.4831643535406242,.8220638280133856,1.179173185782981,1.186938703870223,.85,.78,.9566338907590554
Packaging & Container,19,1.021929775043253,.55109591650755,.1557025871337487,.7230693503118022,.0346097857077624,.7489917958635104,.3815436529558998,.2544790914399858,.1313982974075153,.7782958213072473,.6704997219078969,.8100000000000001,.74,.749557467815731
Paper/Forest Products,6,.9579784309693652,.4368817616068936,.0859851113345512,.7215533176034462,.0625222578852601,.7696751455408247,.4671022197880909,.5694450238249283,.6728697636294969,.9984958405826988,1.125840303485707,1.59,.96,1.088802257921846
Power,46,.4824326713170223,.7414865026995126,.1274833465466844,.3100238153621772,.0144784011965326,.314578407757456,.2234496281535686,.2537998869785569,.1703543582940092,.5574641631069509,.4640263901945677,.39,.34,.4132137922117949
Precious Metals,56,.8365606512291942,.0728110430088108,.0597481295753087,.7932430128835662,.0453163633724358,.8308962073401722,.7326706104991456,.6994720354601837,.6760254149560369,.9873774941222514,1.18720861712204,.83,1.15,.9970964637168928
Publishing & Newspapers,19,.563007176601541,.2393987480231246,.1020581228687683,.4773071296550868,.0675483882102665,.511884073790114,.3069368107166666,.3592530970001513,.1215189310107744,1.464264011334809,.9141555268995404,.82,.5600000000000001,.8540607224048926
R.E.I.T.,190,.6417984635762964,.844629934379348,.0158138258527423,.3929043696256149,.0190678703204927,.4005418496731121,.2593454144937513,.2636928702689285,.2319772921194821,.9882216516797577,.6855568332302365,.66,.59,.6648640669166213
Real Estate (Development),14,.8435660615974878,1.018293748454449,.0490700151157853,.4782878873556669,.1521276030052274,.564103618717777,.6069532024375857,.5210233738934074,.8138820471471423,.7424411801966027,.8838048274406524,.43,.62,.6480699252710065
Real Estate (General/Diversified),12,.8099864769457396,.5356019016772732,.046482967477014,.57785949402086,.0783058571334742,.6269536358598106,.4625171364076741,.3120953532502339,.4667202767601364,.8332663411468256,.6649391588559308,.51,.74,.6750318271725135
Real Estate (Operations & Services),54,.9654974066610451,.2464228127382477,.0869744027148194,.8148915126864962,.0497849760087891,.8575864326620388,.4308207605315895,.505596255690735,.2970848904646585,.8711247503573315,.8050206047433183,.88,.95,.8727463575525377
Recreation,49,1.02347270022497,.6299053181462322,.1145451284387697,.6950913817523879,.0562218718350251,.7364987182992697,.5364508541827235,.4830813033858449,.2509204466620062,1.073632586741868,1.075492927070169,.85,.93,.9331248464222615
Reinsurance,1,.5813323223955235,.4346722815513458,.3035856573705179,.4384091072270656,.2411150803935798,.5777016987693434,.1879557391260007,.1921142517209114,.2197363134252095,1.295026876557592,.8316073808059627,.61,.58,.7788671912265795
Restaurant/Dining,64,.9240873147803257,.2721981524363927,.0991601268062287,.767419655502052,.0199075094364272,.7830073823550779,.4913784468917776,.411494619604859,.2209813352724318,1.332165894153193,1.166001710546455,1.02,.87,1.034234997410945
Retail (Automotive),34,.9360151956832995,.4535539451963139,.1077309894574951,.6984325625385885,.0207726241761156,.713248607812822,.4825372615960231,.4458209569703029,.2975916049112519,1.121491260391574,1.082726084591995,1.06,.99,.9934931905592782
Retail (Building Supply),14,1.535309434029173,.2328921812948963,.1183985105445431,1.307014364312754,.0080769891184589,1.317657066097484,.3865195809285255,.4588350569025514,.2848961536186289,1.418963248180537,1.567041962173933,1.7,1.57,1.514732455290391
Retail (Distributors),62,.9484338145727029,.2823636659199003,.1458648222838863,.7826829040437357,.0236381833018341,.8016320288830955,.4329724678602925,.3929235163979659,.3870267406264319,1.064511615250408,1.00607436454125,.91,.93,.9424436017349507
Retail (General),23,.8052405395912856,.0794368417844286,.1909993347762917,.7599637023048608,.0268454154798024,.7809280399984467,.3806084813467897,.433427459331772,.3761265127747763,1.038356310479628,1.220100297157486,1.17,1.03,1.047876929527112
Retail (Grocery and Food),15,1.118303794493113,.5195017227110472,.122215232857453,.8047514651272351,.0514045866262247,.8483611176919518,.4157715510638451,.4942294835852475,.333979659724327,.2120069623916337,.4731749077028324,.36,.47,.4727085975572836
Retail (REITs),26,.620739021744814,.5641981493610073,.0160326242270804,.4361730155949174,.0147791303448062,.442715972660596,.2004571607943027,.18768911101931,.1663263252787191,1.065003443734644,1.355989844350516,.79,.6899999999999999,.8687418521491512
Retail (Special Lines),94,1.089399680292466,.1976097886094633,.1006730794331028,.9487830646597303,.0529950120486649,1.001877579031808,.5308677688475226,.5324516747558207,.2576559315380136,1.228964711350931,1.187876333197214,.97,1.06,1.089743724715991
Rubber& Tires,3,.5294301574135339,3.584723598407843,0,.1435336935600421,.0701241336974292,.1543579081482881,.3627706165745201,.5076716036736197,.6196360722085638,.5892129358333806,.267665547396446,.26,.18,.2902472782756229
Semiconductor,66,1.518199402905489,.0259110473274451,.0510637087302154,1.48925822268736,.010228996908407,1.504649275474425,.5440400597664541,.5582720818010325,.419354721460801,1.135821074309048,1.534267220206094,1.46,1.46,1.418947513997913
Semiconductor Equip,31,1.397223424739433,.0486126540581729,.099620953538418,1.348073356930313,.0313415797811582,1.391691156337394,.4759849294298905,.5007740861926404,.4958241670186564,1.341418069806814,1.68924736107712,1.51,1.47,1.480471317444266
Shipbuilding & Marine,8,.7529325380371511,.2255019664788323,.0525614737596057,.644012905556584,.0253552303078168,.6607667999490512,.5290585304325847,.500867632683849,.7059846133135149,.8023174759642652,.7803339556376949,.6899999999999999,.52,.6906836463102023
Shoe,11,1.017318327861263,.1194472847692664,.1186117377103172,.9336746513867349,.0664997484206909,1.000186823524826,.4536428192746412,.5008276206019689,.2637399588380519,1.188491653231022,1.288667382915233,1.27,1.41,1.231469171934216
Software (Entertainment),77,1.028311248084757,.0204460981170816,.0528640140564025,1.012780688094852,.0077506795590727,1.020691742721276,.6091442626711892,.5706184370658361,.5900855581478465,1.207549882861747,1.357880210372963,1.11,1.18,1.175224367191197
Software (Internet),29,1.68867611616606,.1229891134313239,.0305436621164751,1.546064307317468,.0279535234838109,1.590525087708313,.5617970760653243,.526123151821511,2.340180488637146,.9750638036621639,1.416511407810549,1.51,1.6,1.418420059836205
Software (System & Application),309,1.276648178078175,.0557713192232172,.0550979280278618,1.225391886520662,.0182723454495535,1.248199417466542,.574139770333485,.5678932632947824,.4863069621778341,1.122454939608095,1.41297094269772,1.27,1.22,1.254725059954471
Steel,19,1.062846247426205,.2351292538992214,.0927599175347973,.9035142702396447,.0438425449511802,.9449429751018495,.3648257910016504,.3850985479390227,.852983590421012,.9825569980735249,1.212547492857152,1.08,.96,1.036009493206505
Telecom (Wireless),12,.5381352736640138,.519466977505286,.0402310828705442,.3872590553991877,.0131536960580154,.3924208398534512,.5029827095145988,.4018099968867836,.5811123448932881,.6272301130782924,.7113584236080368,.75,.59,.614201875307956
Telecom. Equipment,57,.9232195753877382,.0922274849432208,.070628636467128,.8634913488563035,.0267791836824473,.8872512120358865,.5619381481246962,.5526305461735282,.1130102108629903,1.056863479854571,1.178489577124272,1.05,.95,1.024520853802946
Telecom. Services,39,.6287201518745624,.9606320738181406,.0340029844667283,.3654342533759909,.0421129486136884,.3815003583638724,.5334807660091442,.6028775992480886,.0945791653998732,.509153351164839,.4739061250354558,.41,.52,.4589119669128333
Tobacco,10,.794314579701523,.2296850277783775,.1476725198349122,.6775903166712723,.0184086603489095,.6902977739311797,.5639649223376511,.659579872239021,.1012560466070957,.8622490848413021,1.744250452155887,.99,.83,1.023359462185674
Transportation,19,.8599219267913129,.3644955938376248,.0853845740796372,.67531101084817,.0508984889432442,.7115266417564335,.4445381500884927,.381329406156173,.5477050755672548,.715814769679072,.9245938189921151,1.05,.83,.8463870460855242
Transportation (Railroads),4,.9751457485154854,.2779156347027222,.1698355742410194,.8069481235657714,.0083248680968606,.8137222539977831,.2392943361766457,.2389848583668918,.1337308937961553,.647608223077268,.9323815338876874,.86,.83,.8167424021925477
Trucking,26,1.011348928552129,.252316484517862,.1259844880539596,.8504180575613394,.0212150138743224,.8688507380232171,.4329353534707481,.3529091741098341,.3303248995554611,1.27848817921723,1.232855746839977,1.03,.96,1.074038932816085
Utility (General),14,.2394349278899265,.8148428973368238,.1276594228223732,.1486128400277048,.0033377589632265,.1491105350525881,.1300880797936857,.1496203104444805,.1312456238870227,.5962187862572423,.4094617819876518,.36,.25,.3529582206594964
Utility (Water),14,.4126827948416138,.6235944507219604,.1119199515547079,.281177328534438,.0045865105889195,.2824728934513352,.2490832022451339,.4806656285191974,.2122303395704182,.6141799524382789,.8725208753424394,.52,.47,.5518347442464107
Total Market,5994,.9121109366553466,.3517124831873864,.0830173590367707,.7217298803492256,.0449731729752683,.7557168656692986,.48072519724238,.4806656285191974,.2775316493453365,.9093805676301691,.8847374343184961,.79,.82,.8319669735235928
Total Market (without financials),4822,.9912959719564087,.1728796662845663,.071032603531751,.8775172986449091,.0260278296130274,.9009675279492425,.5344840318356062,.5276481947225026,.2815224816320592,1.040206817028845,1.121218140262526,.97,.98,1.002478497048123
