A,B,C,D,E,F,G,H,I,J,K,L,M,N,O
Date updated:, 5-Jan-26,,,,,,YouTube Video explaining estimation choices and process.,Notes,,,,,,
Created by:,"Aswath Damodaran, adamodar@stern.nyu.edu",,,,,,,"The choice of whether to use debt or equity is fundamental to every business, and this dataset provides debt startistics that you can use to compare firms and industries.",,,,,,
What is this data?,"Debt to capital & debt to equity ratios, with key drivers.",,,,US companies,,,,,,,,,
Home Page:,http://www.damodaran.com,,,,,,,,,,,,,
Data website:,https://pages.stern.nyu.edu/~adamodar/New_Home_Page/data.html,,,,,,,,,,,,,
Companies in each industry:,https://pages.stern.nyu.edu/~adamodar/pc/datasets/indname.xls,,,,,,,,,,,,,
Variable definitions:,https://pages.stern.nyu.edu/~adamodar/New_Home_Page/datafile/variable.htm,,,,,,,,,,,,,
Industry Name,Number of firms,Book Debt to Capital,Market Debt to Capital (Unadjusted),Market D/E (unadjusted),Market Debt to Capital (adjusted for leases),Market D/E (adjusted for leases),Interest Coverage Ratio,Debt to EBITDA,Effective tax rate,Institutional Holdings,Std dev in Stock Prices,EBITDA/EV,Net PP&E/Total Assets,Capital Spending/Total Assets
Advertising,52,.6403325848376935,.2811859954215558,.3911804634169032,.2867335758206064,.4020006635676013,2.744460920048315,4.698068355002595,.050166601892136,.3600012500000001,.6291480405048702,.0810631871536994,.0923089958843715,.0109016128080535
Aerospace/Defense,79,.547909266389023,.1332920436138759,.1537911849449937,.134668119667556,.1556259774178424,3.706818017515483,4.620862256566636,.1157525444051738,.5506380952380949,.4645229995086378,.0348631756356141,.1169001001782538,.0184622759637897
Air Transport,23,.7137753915853463,.4674178762550533,.8776446963114732,.4769069257453501,.91170567766528,2.461213997244209,5.130506126430948,.0829257860360182,.4804860869565218,.590043262853523,.1173328430211958,.6376548228577844,.0638936028590845
Apparel,35,.5625125407163816,.2482328544474279,.3301991260405097,.2383405613748074,.3129227437987455,7.93123770208512,3.471304562561475,.0961250029737858,.5239557142857142,.4626373673236945,.096319445676934,.2381985976617296,.0240426660238527
Auto & Truck,33,.6031113018663693,.1643816367012154,.196718554690784,.1645493552310309,.1969587985374462,3.911982978157158,8.794476936637434,.0373715099381295,.2714179166666666,.6183460542354303,.017535563209421,.2157680999935724,.0384486405089874
Auto Parts,35,.4346752735612478,.2918726748523212,.4121754160404015,.293106392650663,.4146400386187307,4.235136915036808,2.947830238886613,.1499969144901915,.7395230769230769,.4987204042985499,.1255722012176398,.235636088760885,.0332871832227779
Bank (Money Center),15,.7268800378660293,.6212805762702743,1.640477190611837,.6214840556353255,1.641896635763823,,,.1843478364577707,.6317615384615385,.2273871767054001,.0014914731036886,.0094441600584052,.0006045958770793
Banks (Regional),568,.3663208657034556,.3368560166565605,.5079681413351589,.3425477144640123,.5210229274429405,3,,.176097081511594,.3981455069124425,.2268255755296142,.0032528507180953,.0101152701996147,.0008151781628382
Beverage (Alcoholic),14,.4444986521098067,.2948019266698733,.4180413104048096,.3023502785795125,.4333840741223201,8.130642741802003,2.574111624019789,.1234988038028687,.396701,.5596193724547387,.1155249173240965,.2794640097575991,.0328481463825349
Beverage (Soft),27,.5719616521593767,.1628507557594217,.1945301353131509,.1707240273857684,.2058711852552215,9.61127494008716,3.225131694777884,.0684627965508008,.5019384615384616,.5788689759563741,.0590925801031773,.1653241322283527,.0278255463189414
Broadcasting,24,.6077240620045411,.4820321206049178,.930621646206841,.4619440863788541,.8585429035988935,2.415851440531456,3.896077028563622,.0772885952872533,.4481590476190477,.4662306993347863,.1248676559101349,.1059476137325701,.0109412755744592
Brokerage & Investment Banking,32,.7914935331440509,.5747525616091655,1.351572072448146,.5755042617612304,1.355736253440363,-.7610640582130501,-473069.7096953422,.1527317757818132,.6448148148148146,.366085597210624,.0011004151324604,.0053084878845,.001786338886282
Building Materials,41,.4644968303151051,.1934556006688724,.2398573480013083,.2063385229383632,.2599830392452558,7.313258971952832,2.517050019506898,.1802113978781021,.8329791428571428,.3528210091019042,.0859753524917105,.1961939627715359,.0311601312389919
Business & Consumer Services,155,.51398464295299,.1663605822631034,.1995594002917076,.1646904647110766,.1971610017047299,5.526771094598775,2.774467998370457,.1038263021700247,.548213,.4110699163971621,.0683688380729132,.1183987284632704,.0193081583432921
Cable TV,9,.6524175075388542,.5883663336670957,1.429344540519824,.595042430850748,1.469394514839746,3.109710857352223,3.891057029816174,.1064304290545761,.7245,.4404071378928042,.161083735600351,.2299462157750641,.0495684728589524
Chemical (Basic),29,.52402839956763,.4963423411838907,.9854756152236146,.4983797053780761,.9935397565078776,1.221971791465468,3.748109924789252,.0768385609315241,.4864859090909091,.4580970692608343,.1123050452662995,.4349998821516072,.0495704572748848
Chemical (Diversified),4,.6578689464386415,.6396065949800737,1.774745558800415,.6378254896102782,1.761099887797016,1.058095985587939,6.145180466872074,0,.6365499999999999,.3903520023839609,.1188706277283202,.448565714061545,.0334407297217607
Chemical (Specialty),59,.4213394885951637,.2291249406353661,.297227077010656,.2300760763965986,.2988296237371031,4.948983338652349,3.520161125903714,.1367515833444322,.6879287500000001,.4230516095475031,.0745871334065395,.2924978337543412,.0439545782643138
Coal & Related Energy,16,.2063645592211845,.1037048791547497,.1157039425328467,.0666677781539669,.0714298473721448,-2.929438543247344,1.508440961871865,.03125,.467853076923077,.6431490912216578,.0320444767971865,.5150774959638368,.0440380881120653
Computer Services,64,.5405885492407133,.1992727072038126,.248864637182455,.2006402717696322,.2510012259609475,6.44944864620941,3.468250199820882,.1052699422657654,.5423522500000001,.5342530314325552,.0702708743976004,.0645566215975213,.0096964610577732
Computers/Peripherals,36,.6131278125949182,.0444342868184515,.0465005035294829,.0442031037804936,.0462473815884228,42.45478983053508,1.174702648924837,.0591135307764216,.4556243333333332,.5457679517178851,.0390507368129722,.11359512126575,.0307730106960414
Construction Supplies,40,.4967087055314023,.1531885447997802,.1809004163312368,.1498185452487142,.176219493393375,11.84974048318402,2.562814927467329,.1603885238386096,.6899770588235296,.3551332113586579,.0593290209450828,.1902805470002491,.0388314270210218
Diversified,20,.212088567809267,.1311699916924098,.1509731367910718,.1345940155714698,.155527021991128,11.56881639725435,1.416590105296996,.0275604578800778,.3927916666666666,.2841172358254972,.0874720892749384,.1819120888555185,.0166760018306541
Drugs (Biotechnology),496,.5057893722307658,.110757182502197,.1245522373898405,.1153559369912528,.1303981361711938,1.883936640972513,6.200525443723345,.0107951223860821,.3832875663716823,.7567979803880647,.025722315841212,.0885022806853332,.0130059010721939
Drugs (Pharmaceutical),228,.4810023096660979,.122417232705435,.1394936606182754,.1269202637832653,.1453707588418458,10.49365451017941,2.434744378243953,.0299387027704387,.3337565662650603,.7664492440646036,.0605378840885929,.1279474561881123,.0240754561315775
Education,32,.3829484233877359,.1925030865745817,.2383948264990633,.196003402054853,.2437863574992706,5.840460875202787,2.566757217876046,.1554036712132029,.5599408,.4723775113573218,.1037795334053584,.1940741576300841,.0207884010889019
Electrical Equipment,112,.4314093714634514,.1044302673068795,.1166076336600178,.1071685968794686,.1200322888564449,4.095265890321236,3.882995560119734,.0481609387240988,.4092209756097562,.7271388016174681,.0342104115420193,.1687254643825885,.0274406233998046
Electronics (Consumer & Office),8,.3240446958201132,.1106767946569093,.1244505866842994,.0548589527442345,.058043138538442,-10.5452016689847,-2.108421553529706,0,.2985333333333334,.7018361349746528,-.0020132031626406,.1064546091833158,.0211607664446781
Electronics (General),114,.3397056117338692,.093823521039458,.1035378022028129,.0991945883733332,.1101176648064408,8.122010400969847,2.687322633746105,.0803635672985678,.5365016304347828,.5183878524748988,.0475015629071925,.165866286568595,.0250395560733826
Engineering/Construction,48,.4371850205490742,.123943142195819,.141478422423951,.1228953077938518,.1401147535589371,5.34507244782538,2.783710670137232,.1363531807406391,.7043740540540542,.4592364631713382,.0562372572412836,.1690278670866659,.0267689696062728
Entertainment,92,.4284634775860779,.1351298507940396,.1562429353332435,.1372904099677242,.1591386157682423,3.669139761803225,3.464602810430775,.033043556811928,.35941,.4870659020881054,.0460310118031554,.1609138692973003,.0246021225910504
Environmental & Waste Services,53,.5829816473998403,.1751095964568431,.2122822567758017,.1765987123152963,.2144746613305266,5.180905325998061,3.152580084249615,.042678317016085,.4209970000000002,.5491271709973529,.0631876327927127,.3387414946770071,.0545953730198744
Farming/Agriculture,35,.5520509902170216,.3371567630519824,.5086523392836901,.3414488697161519,.5184849801548149,5.927969070470167,5.919314242865338,.0629439925787718,.4051218518518519,.507938158066483,.061354248311785,.1815120844354525,.0349549140324592
Financial Svcs. (Non-bank & Insurance),176,.9088418470254107,.7314241019585037,2.72334229278271,.7312766809789597,2.721299675975284,8.210422263640451,67.59006139930702,.1205656770054263,.5635501388888887,.4246919214774036,.0117143334568475,.0041237909938525,.0014153037212495
Food Processing,78,.4429018138532336,.3068481223094863,.4426852644933487,.3042697004104576,.4373385787423181,5.556198640728189,3.005808237293504,.1037259327849308,.4867400000000003,.4346763943257051,.0992231483893991,.1893303429640028,.0238619436770693
Food Wholesalers,13,.693273160024468,.3166126944140297,.4632990572491689,.3195823246690734,.4696855126722596,3.753139100582401,3.978483399664377,.0915284066800662,.6727933333333334,.3397822415435992,.0902707723674064,.2739170153668088,.031773281017918
Furn/Home Furnishings,27,.5188519656076287,.3053509504855775,.4395758558930235,.2974240911279325,.4233337456808395,3.86561061790219,4.241651749354123,.1138252554255551,.5412954545454545,.5150986273981181,.0854490811758403,.2484272932668296,.0219200126854793
Green & Renewable Energy,15,.5895254322433184,.5321107790333646,1.137258041409996,.5307578982023936,1.131096072089713,.5328778415792235,7.280862862573533,0,.4622333333333333,.6514340075377375,.07394680045694,.7989465058947453,.0289750341734342
Healthcare Products,204,.3570187096968377,.1112655834051825,.1251955379780342,.1133585179543921,.1278515840391968,6.801400223408523,2.744225326781411,.0484533728277706,.4415099444444444,.6179058995412937,.047411220853329,.1328922823289428,.0209709445430027
Healthcare Support Services,104,.4923497246179626,.2575693841539087,.3469272126667036,.2615856411836159,.354253188687874,5.256713254361942,3.349734633285967,.0979964616850674,.5527600000000004,.4724003230719404,.0863514454487996,.0618046573748977,.0113741129170886
Heathcare Information and Technology,115,.3829023105542503,.1342257286614641,.155035478767397,.1360045003505987,.1574134360720486,5.066409784259148,3.612078295098431,.0638188131711016,.4766735416666665,.6378002122444473,.0430291467856464,.0995716615364206,.0170093425963586
Homebuilding,30,.2582319961395568,.1757146906293268,.2131721730713384,.1758976469523667,.213441505538572,84.5950924147911,1.610861929866077,.1698920334478098,.8209458333333332,.327940466753169,.1121300821794396,.0221023229951129,.0046941388536637
Hospitals/Healthcare Facilities,31,.7647099491888147,.3662958577606595,.5780234550247189,.3746888451798786,.5992038400269105,4.259640542519798,4.098997652248294,.1134779625873316,.5816613043478259,.5645694737555678,.1124801519907977,.4587792819199556,.0573714928706473
Hotel/Gaming,63,.822712929774589,.2738761674892727,.377175565966879,.2844375319862503,.3975020277066638,3.064127211159889,5.29646880470326,.0830817829962393,.6080337777777776,.3965335196981276,.0652116664120648,.4216881488729275,.0351777620320356
Household Products,110,.5105539960866154,.1513923860850774,.1784009283002442,.153601292087209,.1814762837551913,10.43089664586328,2.171302146952355,.0650043660816061,.4296244444444441,.5546378639806525,.0756812705135308,.1854671632409706,.0282670850469664
Information Services,15,.5575509132286864,.2492830099530358,.3320599017446519,.2490792719816506,.3316984905170498,3.702866063257946,3.272816353120904,.1816284292612373,.731225,.3237524454802279,.0869556596140971,.0713734449358635,.0139428455753308
Insurance (General),21,.4709700589489738,.2050334949732158,.257914633732031,.2039966600957666,.2562761358769038,5.049417779158126,3.839017535321132,.1276880158923457,.5525789473684211,.46070163153831,.063146331161623,.023845734640738,.0031375533593395
Insurance (Life),20,.4899386172547986,.4011201589978172,.6697840393601678,.4041940370182383,.6783987776748907,5.960543774296422,5.615639657870967,.1518601764776366,.6976642857142857,.3515193422631459,.0767730831504019,.0005797595662626,.0001405103795337
Insurance (Prop/Cas.),57,.2230363367436806,.124219874711829,.1418391113533835,.1291420288994871,.1482928711512957,16.87454271627482,1.36894804867351,.1836669176395358,.6361283636363635,.2869687952853511,.1171187056103797,.0141999333044575,.0021675338364886
Investments & Asset Management,283,.4434061089708445,.2424161612292477,.3199859194760405,.2463533959386016,.3268818496772947,11.43645855020335,12.87856023751708,.0353492361983376,.4760739999999999,.3004225728309703,.0232804048210412,.010781862444813,.0023723393799341
Machinery,105,.3932898180612657,.1258792826605609,.1440067489118661,.128101898330155,.146923015527636,7.757107648810433,2.303926451574374,.1337344273240044,.6594869879518075,.4503411666073636,.0603695176380574,.1097698078639994,.0161631230883309
Metals & Mining,73,.3069420220514409,.0926597294681143,.1021223596895978,.0989734528307213,.1098452128204907,12.74274448736937,1.425875461691836,.0251641429519387,.2986186111111111,.7756025957468325,.0795652607165455,.5940865712723292,.0664668804108371
Office Equipment & Services,14,.5812694407877841,.321913322239021,.4747377183429835,.3247918436948866,.4810247634925184,4.769526826682027,3.440152875888478,.1229738335166475,.5670481818181818,.3960756696465002,.1132231539633517,.1803519687574797,.0233696560656664
Oil/Gas (Integrated),4,.175301047652351,.1107035629599709,.1244844332542714,.121612740694131,.1384500280550897,20.42987106415817,1.008434820235232,.2824095529705382,.48625,.2026827904588578,.1225036570574944,.6784353865415254,.0603987289250511
Oil/Gas (Production and Exploration),142,.3321912811017551,.2684258128282742,.3669153689880879,.2731904517372341,.3758762558777869,6.590095417903713,1.743689359251285,.0666447899617079,.4466348275862066,.4221920097460941,.1916290856897515,.843475411789718,.1361104522836619
Oil/Gas Distribution,23,.6266869377592724,.3680599278520951,.5824285309223928,.3691931753989284,.5852713715207659,3.167392749447564,4.97363749301724,.0916618588083211,.5885368421052631,.4224037245326557,.0843906566988888,.7012600848436723,.0696857163139837
Oilfield Svcs/Equip.,97,.4091898991053204,.2652609681475847,.3610274623342274,.2719893286046465,.3736062386054503,4.090638238612397,2.753552815111632,.0874636718604794,.6288004285714285,.4831643535406242,.1118099502249041,.3811376470483907,.0395234835139627
Packaging & Container,19,.5439822206570812,.353255789118146,.546206341200135,.3552945440978263,.55109591650755,3.717965238028758,3.969217458607076,.1557025871337487,.7298189473684211,.2544790914399858,.1027451351115961,.3437761991702549,.0384715349900336
Paper/Forest Products,6,.4421692196726122,.3024501227812534,.4335892423738571,.3040485120489803,.4368817616068936,3.224273188740194,2.258950861583394,.0859851113345512,.8030750000000001,.5694450238249283,.1221974565438114,.524829395362489,.0627293073084825
Power,46,.6271445171658218,.4249990179965736,.7391274646449926,.4257779210749665,.7414865026995126,2.447435202647135,5.741858133001844,.1274833465466844,.8046737209302325,.2537998869785569,.0802395799000952,.7083416625213116,.0854720811062258
Precious Metals,56,.1539246292641361,.0475998266801493,.0499788093425341,.067869401124549,.0728110430088108,21.79562331241483,1.228312814508863,.0597481295753087,.3028548,.6994720354601837,.0893283461819082,.5910386038336719,.0719633816764831
Publishing & Newspapers,19,.3470655441913965,.1887939616841467,.2327324412871757,.1931571646372665,.2393987480231246,6.095721564989772,2.671231249817914,.1020581228687683,.6582545454545454,.3592530970001513,.0874325849747975,.1438528080118877,.0250069600823798
R.E.I.T.,190,.6318041883865541,.4628358817814665,.8616284410738914,.4578858440045514,.844629934379348,2.121693853909473,11.35222439850721,.0158138258527423,.6661545652173915,.2636928702689285,.0448357404916409,.4909654664245606,.0041291069731435
Real Estate (Development),14,.5003700835488791,.5020042057325756,1.008049086982848,.5045319836293547,1.018293748454449,4.103066841953906,7.236137976575014,.0490700151157853,.2528133333333333,.5210233738934074,.0892023286735581,.5177247525935305,.0025250056953071
Real Estate (General/Diversified),12,.2562705827065951,.2284165219257794,.2960360458934133,.3487895535244244,.5356019016772732,5.384045001278445,9.500691521210326,.046482967477014,.3945514285714286,.3120953532502339,.0498928703909365,.1362207804909856,.0037691129005966
Real Estate (Operations & Services),54,.4298930993224033,.1974906260381835,.2460913634730704,.1977040296597951,.2464228127382477,2.251894834224992,7.688671884879128,.0869744027148194,.3732753488372094,.505596255690735,.0404358202907659,.1403244558910977,.0125258431136819
Recreation,49,.7200806468707768,.3897579662363816,.6386940667337858,.3864674292017484,.6299053181462322,2.262164597495854,4.776285302663746,.1145451284387697,.5334538095238094,.4830813033858449,.0951772137710869,.4036221219529568,.0466192972697423
Reinsurance,1,.3049675566429103,.3001449950534179,.4288673981496025,.3029767056496862,.4346722815513458,4.545197740112994,4.369632986142593,.3035856573705179,.9858,.1921142517209114,.1153282427248438,0,0
Restaurant/Dining,64,.9528627218057378,.2128977602553364,.2704829811237744,.2139589276364729,.2721981524363927,5.968117709188069,4.671562540572983,.0991601268062287,.6212360784313726,.411494619604859,.0569075947172906,.4963497836389321,.0491610153271298
Retail (Automotive),34,.7696455223254222,.308798109899559,.4467553030774938,.312031037234781,.4535539451963139,4.363198307182024,5.594771601481677,.1077309894574951,.6705404,.4458209569703029,.0672871364768355,.3424285772189321,.0316117889634676
Retail (Building Supply),14,.9689793459949151,.191118433080251,.2362749268821109,.1888990658131124,.2328921812948963,7.758784510146808,3.026475370717555,.1183985105445431,.6610307692307693,.4588350569025514,.0691508265487714,.3912096034813278,.0377158337683531
Retail (Distributors),62,.5548070155853256,.2356722278065701,.3083392183045366,.2201900080484169,.2823636659199003,4.953732222909459,3.756979300775738,.1458648222838863,.6322856000000002,.3929235163979659,.0678236938679003,.1250960851356993,.051949428681188
Retail (General),23,.3689901702727481,.0751865940866696,.0812992043648162,.0735910047808918,.0794368417844286,18.36557202342219,1.578322837412234,.1909993347762917,.6494452173913046,.433427459331772,.0575273290890568,.5313148602276325,.1239703257611281
Retail (Grocery and Food),15,.6669246819793542,.3372509244226073,.5088666840142952,.341889525326874,.5195017227110472,3.930441388505605,3.268731507189097,.122215232857453,.534685,.4942294835852475,.1116498032459548,.5837067865276738,-.0033820679903089
Retail (REITs),26,.5370366171006298,.3585051345501801,.5588589306927565,.3606948068513497,.5641981493610073,2.248694171082514,6.564277444440871,.0160326242270804,.839391153846154,.18768911101931,.0597840786643913,.7899707984834514,.0058185793290477
Retail (Special Lines),94,.6023411186714788,.1727359258913651,.2088038527207719,.165003484848689,.1976097886094633,13.48927296700052,2.875441188610508,.1006730794331028,.534989726027397,.5324516747558207,.0863854764785875,.4349188707829497,.049706945466445
Rubber& Tires,3,.7412027013927036,.7839826647481227,3.629258104836795,.7818843429629488,3.584723598407843,.8692569483834374,5.670334067640755,0,.59655,.5076716036736197,.1474019887063318,.4431743555053006,.0456738247013919
Semiconductor,66,.2553670230113945,.0251146446105203,.0257616390190687,.0252566218045364,.0259110473274451,23.06084651293389,1.089588687173062,.0510637087302154,.649125344827586,.5582720818010325,.0285434595307869,.2321059789211749,.0554568610806069
Semiconductor Equip,31,.3185888113838589,.0459721153254391,.0481873916516824,.0463590191001797,.0486126540581729,18.24027017239595,1.252959846179592,.099620953538418,.6833624137931035,.5007740861926404,.0401515571016014,.1576635754365818,.0430281861359476
Shipbuilding & Marine,8,.2541820051289739,.1852204563815858,.2273258549902059,.1840078373164547,.2255019664788323,10.64499022239899,1.606210746905503,.0525614737596057,.4889016666666667,.500867632683849,.1250180649613622,.6814289895019848,.0700436654080329
Shoe,11,.4317671950612916,.1114114822031519,.1253802856685384,.1067020183928412,.1194472847692664,13.41581788427249,1.964667820647811,.1186117377103172,.7174375,.5008276206019689,.0587632594123392,.190383785771796,.0160261622416827
Software (Entertainment),77,.1597999285608546,.0204766166518182,.0209046736401795,.0200364312772703,.0204460981170816,86.01115910297268,.5281936302889443,.0528640140564025,.4516528571428571,.5706184370658361,.0450322189920715,.4635681069726077,.1563644968571565
Software (Internet),29,.598708743642104,.1208286961918979,.1374347589241509,.1095194173837779,.1229891134313239,.9465409737878505,11.31714170028175,.0305436621164751,.5368695238095239,.526123151821511,.0183413203408061,.3449335697525376,.1232486488512785
Software (System & Application),309,.3413828097763748,.0536830659259413,.0567284215181762,.0528251887579698,.0557713192232172,18.94926344494999,1.708543150570605,.0550979280278618,.4951431555555549,.5678932632947824,.0376109617714021,.2255197827309521,.0700688349746197
Steel,19,.3029118685957506,.1880831377601128,.2316531981380898,.1903681360933958,.2351292538992214,4.220450964618747,2.200022294567489,.0927599175347973,.6954727777777778,.3850985479390227,.0730980632181124,.4413467082846864,.0672913817341371
Telecom (Wireless),12,.6469016617413132,.3454151668700861,.5276858695586861,.3418744765076534,.519466977505286,4.773828326322964,3.72488515930259,.0402310828705442,.3613266666666666,.4018099968867836,.1112952609872806,.310514410935137,.0479519148343915
Telecom. Equipment,57,.436412068503344,.0846699688057959,.0925021204595784,.0844398133306591,.0922274849432208,6.996965091634613,2.360301389122093,.070628636467128,.5881323684210525,.5526305461735282,.0409614596682111,.0778916523915644,.0144271235170027
Telecom. Services,39,.6095400464993438,.4882356965151555,.9540245249434718,.4899603993254088,.9606320738181406,3.607771037933395,3.854450947286364,.0340029844667283,.4982257142857142,.6028775992480886,.1484963388052899,.3790130786554277,.0533585378824026
Tobacco,10,1.137983689572546,.1835566921027859,.2248247861514651,.1867836255543749,.2296850277783775,9.150846949892799,2.88232309185308,.1476725198349122,.4349499999999999,.659579872239021,.0741387430923441,.096004555243602,.0153157890034053
Transportation,19,.6360698720227153,.2674474901848919,.3650898558144237,.2671284506038499,.3644955938376248,4.387815659024485,4.696175896655792,.0853845740796372,.6766,.381329406156173,.0796253831347227,.3727024359221766,.0477105314577579
Transportation (Railroads),4,.6154559428357774,.2152649908864338,.2743155184698544,.2174757293484189,.2779156347027222,6.118799579470514,2.971645316992624,.1698355742410194,.8082,.2389848583668918,.0741389942819178,.8410189821169354,.0566203397553806
Trucking,26,.4242690508405579,.2049977237722178,.2578580337466636,.2014798077300748,.252316484517862,4.060975822995257,2.303008467785602,.1259844880539596,.5741817391304348,.3529091741098341,.095921955618731,.4285752648706844,.1108941577560824
Utility (General),14,.5787020458468561,.4314389202812727,.7588259831198959,.4489881182181434,.8148428973368238,2.566763379339642,6.77498342345563,.1276594228223732,.8757714285714284,.1496203104444805,.0728490496423051,.6930185172334712,.0888220099508309
Utility (Water),14,.5539736684136091,.3836665511984297,.6224983439475014,.3840826448037364,.6235944507219604,3.061623161073919,6.038753850743742,.1119199515547079,.6186166666666667,.2959850912260439,.0697504979261771,.8115195750155536,.0826695078685874
Total Market,5994,.6171711067534337,.2592983074359979,.3500711690537855,.2601977029597565,.3517124831873864,6.901889107221006,6.524437901758324,.0830173590367707,.5088464557235413,.4806656285191974,.0463856529261118,.1438601474125605,.0204204320368943
Total Market (without financials),4822,.4824063048017438,.1462891409609821,.1713567766089481,.1473976156754532,.1728796662845663,6.727925091456003,3.006945284950977,.071032603531751,.5180501832743472,.5276481947225026,.055878820121031,.3377222061688483,.047850133806198
