A,B,C,D,E,F,G,H,I,J,K
Date updated:, 5-Jan-26,,,,,,YouTube Video explaining estimation choices and process.,Notes,,
Created by:,"Aswath Damodaran, adamodar@stern.nyu.edu",,,,,,,"The choice of how much to return to shareholders in a business and in what form (dividends or buybacks) is one that every business has to make, and this datasets includes statistics on cash return.",,
What is this data?,"Dividend Payout ratios and dividend yields, with key drivers",,,,US companies,,,,,
Home Page:,http://www.damodaran.com,,,,,,,,,
Data website:,https://pages.stern.nyu.edu/~adamodar/New_Home_Page/data.html,,,,,,,,,
Companies in each industry:,https://pages.stern.nyu.edu/~adamodar/pc/datasets/indname.xls,,,,,,,,,
Variable definitions:,https://pages.stern.nyu.edu/~adamodar/New_Home_Page/datafile/variable.htm,,,,,,,,,
Industry Name,Number of firms,Total Dividends (US $ millions),Special Dividends as % of Total Dividends,Dividend Payout,Dividend Yield,Market Cap (US $ millions),ROE,Institutional Holdings,Std Dev in Stock Prices,
Advertising,52,571.1,0,.0027465942927342,.0094259533350776,60588.03599999997,-.0134225663007202,.3600012500000001,.6291480405048702,
Aerospace/Defense,79,12526.491,.7454601611895942,.5015234087265174,.0078864879810016,1588348.454999999,.1526898724987998,.5506380952380949,.4645229995086378,
Air Transport,23,812,0,.1320715404860265,.0057341799694699,141606.996,.1419484078609557,.4804860869565218,.590043262853523,
Apparel,35,1218.62,0,.5009316781675721,.0151422989912059,80477.87199999999,.1042077143729041,.5239557142857142,.4626373673236945,
Auto & Truck,33,3743.2,-.0002751656336824,.5830852925800871,.0022516811261104,1662402.352,.0315932252002621,.2714179166666666,.6183460542354303,
Auto Parts,35,693.9300000000001,0,1.095468502103544,.0122826040763208,56496.977,.0217414882119127,.7395230769230769,.4987204042985499,
Bank (Money Center),15,40401.779,0,.2811083405068467,.0198375791166627,2036628.5,.1286033422174945,.6317615384615385,.2273871767054001,
Banks (Regional),568,18200.19977999999,.0130271646941229,.3608881307853747,.0270059654068598,673932.5739999999,.097543187618609,.3981455069124425,.2268255755296142,
Beverage (Alcoholic),14,1538,0,.0022415451737553,.032003664315521,48056.997,.0056819180842404,.396701,.5596193724547387,
Beverage (Soft),27,17711,-.0000841285077071,.7266805539200581,.0272766171038937,649310.724,.309155850955302,.5019384615384616,.5788689759563741,
Broadcasting,24,894.77,.013970070520916,.608281553794069,.0151575535511724,59031.29399999999,.0398524966167588,.4481590476190477,.4662306993347863,
Brokerage & Investment Banking,32,14207.814,.004166721214115,.2761307603548932,.0138966369207385,1022392.258,.1776790840770902,.6448148148148146,.366085597210624,
Building Materials,41,2369.829999999999,.0081862412071752,.2555367297858912,.0113105939754014,209523.037,.1599761776207635,.8329791428571428,.3528210091019042,
Business & Consumer Services,155,8076.907899999999,.0020606895864196,.4260432719736815,.0136090853018179,593493.8109999998,.1819576192008985,.548213,.4110699163971621,
Cable TV,9,5224.2,0,.3346443578968945,.0276555219462305,188902.6,.1105981903247837,.7245,.4404071378928042,
Chemical (Basic),29,4092.299999999999,0,.0041316300426625,.0762404726190176,53676.215,-.0828988873124604,.4864859090909091,.4580970692608343,
Chemical (Diversified),4,274,0,,.0664603323986844,4122.76,-.1530208601596703,.6365499999999999,.3903520023839609,
Chemical (Specialty),59,7870.110000000001,0,1.300093582302456,.0178208799032704,441622.9749999999,.0349878539710556,.6879287500000001,.4230516095475031,
Coal & Related Energy,16,72.20999999999999,0,.0008172413793103,.0030309449786316,23824.253,-.0251324071100055,.467853076923077,.6431490912216578,
Computer Services,64,7760.469999999998,0,.5099205071561956,.0183054226511395,423943.7760000001,.1825059226961266,.5423522500000001,.5342530314325552,
Computers/Peripherals,36,19202.07,0,.1603021523436578,.0044309120456514,4333660.836000001,-.0017413160406025,.4556243333333332,.5457679517178851,
Construction Supplies,40,7224.299999999998,0,.3349260979442911,.0127579867415515,566257.0549999997,.2285565682680814,.6899770588235296,.3551332113586579,
Diversified,20,4928.379999999999,0,.0658824109424172,.0037852443749062,1301997.84,.1137324413574475,.3927916666666666,.2841172358254972,
Drugs (Biotechnology),496,20803.6,0,.0011705552086896,.0129983183417835,1600483.959000003,-.0567224880686716,.3832875663716823,.7567979803880647,
Drugs (Pharmaceutical),228,42241.2,.0010179635048247,.5863499201100111,.0193222875914872,2186138.665000001,.2404409957343273,.3337565662650603,.7664492440646036,
Education,32,339.3,.0050397877984085,.1382943211289512,.0069727000400956,48661.207,.1590483920214653,.5599408,.4723775113573218,
Electrical Equipment,112,2905.707000000001,.0057473103791951,2.296858140874997,.0052825754556555,550054.9919999999,.0152545444037303,.4092209756097562,.7271388016174681,
Electronics (Consumer & Office),8,0,0,,0,2434.87,-.2880927953264372,.2985333333333334,.7018361349746528,
Electronics (General),114,2212.177,.0031792211925176,.198774811280125,.0042643232530658,518763.909,.1261573075627564,.5365016304347828,.5183878524748988,
Engineering/Construction,48,826.9089999999999,0,.0832954332660147,.0031317976032098,264036.539,.2613749950535173,.7043740540540542,.4592364631713382,
Entertainment,92,2622.463,.0022116613275383,.2287875805806028,.0026189451464541,1001343.233,.0609276311137784,.35941,.4870659020881054,
Environmental & Waste Services,53,2582.174,0,.3980238261785846,.0106263792657146,242996.597,.1973829594869194,.4209970000000002,.5491271709973529,
Farming/Agriculture,35,3604.14,7.76884360763e-06,.4144218728979314,.0176426614311182,204285.505,.1204025921309046,.4051218518518519,.507938158066483,
Financial Svcs. (Non-bank & Insurance),176,24037.58400000001,.0086131784292465,.1852408141048518,.0078723693799602,3053411.601999999,.2881731815384935,.5635501388888887,.4246919214774036,
Food Processing,78,11627.1,.1715217036062303,1.431111004985274,.0384448210052204,302436.0550000001,.0460411920440677,.4867400000000003,.4346763943257051,
Food Wholesalers,13,1034.7,0,.3807473643539217,.014190367142115,72915.66100000002,.1822072451106667,.6727933333333334,.3397822415435992,
Furn/Home Furnishings,27,640.236,.2625438119693363,1.08122220889957,.0121968806469554,52491.78199999998,.0310741507730321,.5412954545454545,.5150986273981181,
Green & Renewable Energy,15,45.1,0,.001289980009995,.0018630152559056,24208.068,-.0735713716131615,.4622333333333333,.6514340075377375,
Healthcare Products,204,9780.43,0,.3564070775543777,.0078457894612312,1246583.285000001,.1126000364228187,.4415099444444444,.6179058995412937,
Healthcare Support Services,104,16728.049,0,.4936925996971039,.0169269412879924,988249.9570000002,.098917912885419,.5527600000000004,.4724003230719404,
Heathcare Information and Technology,115,1927.97,0,.1684931886355169,.0026695197630773,722216.0430000003,.0639736370327422,.4766735416666665,.6378002122444473,
Homebuilding,30,1533.89,0,.0957218858888333,.0084924121223116,180618.884,.1423143035855479,.8209458333333332,.327940466753169,
Hospitals/Healthcare Facilities,31,988.3822000000001,0,.0933538317507729,.0054358088652908,181827.99,.5083628028154341,.5816613043478259,.5645694737555678,
Hotel/Gaming,63,4468.045,.0134734542736253,.1828047663939815,.005824961824363,767051.379,.4538326736020845,.6080337777777776,.3965335196981276,
Household Products,110,16754.746,0,.6724627371530681,.0293747021668173,570380.1149999999,.2702119723935352,.4296244444444441,.5546378639806525,
Information Services,15,847.7,0,.3206733497257424,.0122751850610491,69058.02199999997,.149460900440439,.731225,.3237524454802279,
Insurance (General),21,2582.108,.0670382493683456,.3664220974786759,.0128362778963976,201157.066,.190716563362503,.5525789473684211,.46070163153831,
Insurance (Life),20,6322.820000000001,0,.3360679830191276,.0275225248113179,229732.557,.1287352963515177,.6976642857142857,.3515193422631459,
Insurance (Prop/Cas.),57,10949.78099999999,.1876201907599797,.2248570127220276,.018405385977488,594922.6500000003,.1871472540067841,.6361283636363635,.2869687952853511,
Investments & Asset Management,283,21514.29300000001,.0055028533821678,.5824006202804275,.0232987735847041,923408.8190000003,.1588067678289871,.4760739999999999,.3004225728309703,
Machinery,105,6954.040999999999,0,.3342568361705102,.011492131412604,605113.2509999999,.1642312163850503,.6594869879518075,.4503411666073636,
Metals & Mining,73,3335.5,0,.5199944937174282,.0143468043223508,232490.7990000001,.1779434874880822,.2986186111111111,.7756025957468325,
Office Equipment & Services,14,341.1599999999999,-.0360534646500176,.5740361220760601,.0245051684888357,13921.961,.1322566194736466,.5670481818181818,.3960756696465002,
Oil/Gas (Integrated),4,30447.488,.000640446922912,.6773393605566876,.0356029854250751,855194.8,.099575021403991,.48625,.2026827904588578,
Oil/Gas (Production and Exploration),142,14786.45998,.003774060868895,.4169878127780144,.03043654800029,485812.648,.1221106613964292,.4466348275862066,.4221920097460941,
Oil/Gas Distribution,23,9873.139999999999,.013926673783619,.6943485555005051,.0333154293699849,296353.377,.1803270241572243,.5885368421052631,.4224037245326557,
Oilfield Svcs/Equip.,97,9182.870000000003,0,.6007508739894286,.0245660441041453,373803.3670000003,.0864604126050346,.6288004285714285,.4831643535406242,
Packaging & Container,19,2767.8,0,.5558248752014709,.0240628572115635,115023.747,.1229373185396537,.7298189473684211,.2544790914399858,
Paper/Forest Products,6,1261,0,3.32542194092827,.0035228415334607,8341.766,.0701364998335368,.8030750000000001,.5694450238249283,
Power,46,27437.15600000001,0,.5495789196209595,.0255638916177026,1073277.747,.1239909398423414,.8046737209302325,.2537998869785569,
Precious Metals,56,2610.8015,0,.2515095574154911,.0123098112736995,212091.107,.2352305688887669,.3028548,.6994720354601837,
Publishing & Newspapers,19,454.2020000000001,.1446492970088198,.2308876732857225,.0128553300023967,35331.804,.1383473392034869,.6582545454545454,.3592530970001513,
R.E.I.T.,190,54420.04350000001,.0119569915448524,1.948719550475664,.0438124546565207,1242113.548,.0503795433774178,.6661545652173915,.2636928702689285,
Real Estate (Development),14,0,,0,0,6579.504000000001,.0506054591091927,.2528133333333333,.5210233738934074,
Real Estate (General/Diversified),12,62.90000000000001,0,.2696330589849109,.0132863361755672,4734.186999999999,.1076759750750058,.3945514285714286,.3120953532502339,
Real Estate (Operations & Services),54,360.13,0,.2705252680801516,.0026088400755679,138042.1909999999,.0330328472643128,.3732753488372094,.505596255690735,
Recreation,49,1148.7,.0208931835988509,.0056272443812578,.0164993211966393,69621.04600000002,-.1276115597172532,.5334538095238094,.4830813033858449,
Reinsurance,1,237,0,.2733564013840831,.0177261202234837,13370.1,.077918576435697,.9858,.1921142517209114,
Restaurant/Dining,64,11348.428,.0000348947008343,.6454113964275203,.018099108052721,627015.8710000002,.0010275118300475,.6212360784313726,.411494619604859,
Retail (Automotive),34,644.6489999999999,0,.0677833989770805,.0025535050348194,252456.522,.3438406473025444,.6705404,.4458209569703029,
Retail (Building Supply),14,12039.951,0,.5400747405477563,.0229348183523563,524963.87,NA,.6610307692307693,.4588350569025514,
Retail (Distributors),62,5012.065000000001,.0429541516321117,.3515139872979697,.0140631140388521,356397.9489999998,.1833373242733274,.6322856000000002,.3929235163979659,
Retail (General),23,13006.525,.0305923373076206,.1172686012019141,.0032772316729363,3968753.6,.2605230828835304,.6494452173913046,.433427459331772,
Retail (Grocery and Food),15,1367.2,0,.374369182997856,.0145406124186466,94026.30099999998,.1289757404783532,.534685,.4942294835852475,
Retail (REITs),26,9864.233999999997,.0278784951776286,1.614333910763689,.0475053881746849,207644.53,.0636437540035101,.839391153846154,.18768911101931,
Retail (Special Lines),94,4703.787,.0448999922828138,.2993316850254261,.0108350152995432,434128.3210000001,.301150755894425,.534989726027397,.5324516747558207,
Rubber& Tires,3,0,0,,0,2528.12,-.3640800083778406,.59655,.5076716036736197,
Semiconductor,66,25363.1,0,.163921671873215,.0032277028175009,7857941.525000001,.313647157765139,.649125344827586,.5582720818010325,
Semiconductor Equip,31,3803.6,.0262908823220107,.1935644354407952,.0055092647217342,690400.6599999997,.3577797316274757,.6833624137931035,.5007740861926404,
Shipbuilding & Marine,8,106.3,0,.1466510312478444,.0095646251035868,11113.87,.1015362461355712,.4889016666666667,.500867632683849,
Shoe,11,2475.47,0,.6493070127580998,.0208490863193039,118732.781,.1948971193415638,.7174375,.5008276206019689,
Software (Entertainment),77,15397.206,0,.0833693366516741,.0027680267055471,5562520.755000002,.3650885060505082,.4516528571428571,.5706184370658361,
Software (Internet),29,142.758,1.009400523963631,.0002200339087546,.0004483105599411,318435.506,-.0146996221749559,.5368695238095239,.526123151821511,
Software (System & Application),309,34027.14220000002,.0008663672025916,.2098427241306356,.0048600016648796,7001467.189999994,.2962489469128928,.4951431555555549,.5678932632947824,
Steel,19,1355.845,-.0004624422408166,.6506039648192232,.0126526240949517,107159.194,.0367917256623107,.6954727777777778,.3850985479390227,
Telecom (Wireless),12,6032.2,0,.5144702760836396,.0253999093019186,237489.037,.1606139649618447,.3613266666666666,.4018099968867836,
Telecom. Equipment,57,7331.743,0,.4144942269536068,.0108795156495403,673903.4379999997,.2495656053027011,.5881323684210525,.5526305461735282,
Telecom. Services,39,19576.644,0,.4768170904952796,.0486179327097297,402663.028,.1981752609619614,.4982257142857142,.6028775992480886,
Tobacco,10,15432.85,0,.8760466767746319,.0440721512306148,350172.378,NA,.4349499999999999,.659579872239021,
Transportation,19,7282.200000000001,0,.2912283098456141,.0189376371972289,384535.828,.3658208748571981,.6766,.381329406156173,
Transportation (Railroads),4,5419.8,0,.4269576177721758,.0200711626742589,270029.2,.2906747758227465,.8082,.2389848583668918,
Trucking,26,906.1200000000001,.077914624994482,.2836976246444857,.0075641117573888,119791.99,.0760272120502347,.5741817391304348,.3529091741098341,
Utility (General),14,11209.7,0,.6540272470025379,.0319392516840499,350969.4,.1041551458639964,.8757714285714284,.1496203104444805,
Utility (Water),14,1246.75,0,.5643624413230548,.0269716976193083,46224.37999999999,.1721237299186459,.6186166666666667,.2959850912260439,
Total Market,5994,770310.9450600005,.0219581730059444,.3483342398441463,.0110402677730684,69772849.79800001,.1721237299186459,.5088464557235413,.4806656285191974,
Total Market (without financials),4822,632094.5662800005,.0222520406760931,.3665287542467456,.0103558797891259,61037263.772,.176020012107524,.5180501832743472,.5276481947225026,
